-- Adminer 4.8.1 MySQL 10.11.5-MariaDB-log dump

SET NAMES utf8;
SET time_zone = '+00:00';
SET foreign_key_checks = 0;
SET sql_mode = 'NO_AUTO_VALUE_ON_ZERO';

SET NAMES utf8mb4;

DROP TABLE IF EXISTS `dishes`;
CREATE TABLE `dishes` (
  `dish_id` int(11) NOT NULL AUTO_INCREMENT,
  `name` varchar(100) NOT NULL,
  `preparation` varchar(1000) NOT NULL,
  `vm_score` int(11) NOT NULL,
  `meal_category` enum('breakfast','main','snack') NOT NULL,
  `preparation_time_in_min` int(3) NOT NULL,
  `total_calories` int(11) NOT NULL,
  `total_protein` float NOT NULL,
  `total_fat` float NOT NULL,
  `total_carbs` float NOT NULL,
  `tags` text NOT NULL,
  PRIMARY KEY (`dish_id`)
) ENGINE=InnoDB DEFAULT CHARSET=utf8mb4 COLLATE=utf8mb4_uca1400_ai_ci;

TRUNCATE `dishes`;
INSERT INTO `dishes` (`dish_id`, `name`, `preparation`, `vm_score`, `meal_category`, `preparation_time_in_min`, `total_calories`, `total_protein`, `total_fat`, `total_carbs`, `tags`) VALUES
(1,	'chili con carne',	'#Fry minced meatin a pan #Add tomato sauce, kidney beans, beef broth and corn #Season with paprika powder and chili #Simmer for  5-10 minutes',	1,	'main',	20,	820,	1,	1,	1,	'[\"cut\", \"bulk\"]'),
(200,	'Quinoa Salad with Tofu',	'#Cook quinoa #Sauté tofu cubes until golden #Add chopped cherry tomatoes and zucchini #Mix with olive oil and lemon juice',	5,	'main',	20,	540,	25,	20,	55,	'[\"vegan\", \"cut\"]'),
(201,	'Banana Oat Pancakes',	'#Mash banana #Mix with oats and egg #Fry pancakes in a non-stick pan',	4,	'breakfast',	10,	400,	11,	10,	62,	'[\"breakfast\", \"vegetarian\"]'),
(202,	'Zucchini Noodles with Mozzarella',	'#Spiralize zucchini #Sauté briefly #Top with sliced light mozzarella and cherry tomatoes',	6,	'main',	15,	280,	16,	15,	10,	'[\"lowcarb\"]'),
(203,	'Greek Yogurt Bowl',	'#Add Greek yogurt to bowl #Top with banana slices and oats #Optional: cinnamon',	3,	'breakfast',	5,	350,	17,	5,	45,	'[\"highprotein\"]'),
(204,	'Spinach Omelette',	'#Whisk eggs #Sauté spinach briefly #Pour eggs into pan and cook until set',	4,	'breakfast',	7,	250,	14,	18,	2,	'[\"keto\", \"bulk\"]'),
(205,	'Tofu Stir Fry',	'#Sauté tofu #Add zucchini and spinach #Season with soy sauce and chili',	5,	'main',	18,	470,	22,	25,	25,	'[\"vegan\", \"cut\"]'),
(206,	'Cherry Tomato Pasta',	'#Cook pasta #Add sautéed cherry tomatoes #Top with light mozzarella and herbs',	6,	'main',	15,	600,	20,	18,	80,	'[\"vegetarian\"]'),
(207,	'Protein Oats',	'#Cook oats with water or milk #Stir in Greek yogurt and banana slices',	3,	'breakfast',	8,	420,	19,	6,	65,	'[\"breakfast\", \"bulk\"]'),
(208,	'Tofu Quinoa Bowl',	'#Combine cooked quinoa with tofu, spinach and zucchini #Top with lemon dressing',	5,	'main',	20,	510,	24,	18,	52,	'[\"vegan\", \"cut\"]'),
(209,	'Mozzarella Egg Muffins',	'#Whisk eggs #Add chopped spinach and mozzarella #Pour into muffin tins and bake',	4,	'snack',	12,	160,	12,	10,	2,	'[\"snack\", \"highprotein\"]'),
(210,	'Creamy Chicken Pasta',	'#Cook pasta #Fry chicken breast with olive oil #Add cream and parmesan #Mix everything and serve',	2,	'main',	25,	985,	50,	48,	70,	'[\"hearty\", \"high-calorie\"]'),
(211,	'Bacon Avocado Omelette',	'#Whisk eggs #Fry bacon #Add avocado slices and cook everything into omelette',	3,	'breakfast',	15,	790,	28,	65,	5,	'[\"keto\", \"brunch\"]'),
(212,	'Spätzle with cheese and roasted onions',	'#Cook Spätzle #Melt butter and cheese #Top with roasted onions',	2,	'main',	20,	920,	30,	45,	80,	'[\"german\", \"cheese\"]'),
(213,	'Chicken Alfredo',	'#Fry chicken #Prepare creamy sauce with butter and cream #Add to cooked pasta',	3,	'main',	30,	1020,	52,	55,	70,	'[\"italian\", \"rich\"]'),
(214,	'Avocado Pasta',	'#Boil pasta #Blend avocado with olive oil and garlic #Mix with pasta',	1,	'main',	20,	880,	18,	42,	90,	'[\"veggie\", \"green\"]'),
(215,	'Mozzarella Lasagna',	'#Layer pasta with tomato sauce and mozzarella #Bake in oven',	2,	'main',	40,	990,	35,	50,	80,	'[\"italian\", \"cheese\"]'),
(216,	'Butter Chicken',	'#Cook chicken in butter and tomato puree #Serve with rice',	2,	'main',	35,	950,	40,	48,	75,	'[\"indian\", \"spicy\"]'),
(217,	'Cheesy Scrambled Eggs',	'#Scramble eggs with butter and cheese',	3,	'breakfast',	10,	610,	22,	50,	2,	'[\"quick\", \"high-fat\"]'),
(218,	'Loaded Veggie Pasta',	'#Cook pasta #Add champignons, onion, tomato puree and cheese',	2,	'main',	20,	870,	30,	38,	90,	'[\"vegetarian\", \"pasta\"]'),
(219,	'Creamy Bacon Spätzle',	'#Boil Spätzle #Add cream, bacon and melt everything together',	3,	'main',	25,	1050,	35,	65,	80,	'[\"german\", \"comfort\"]');

DROP TABLE IF EXISTS `dish_ingredients`;
CREATE TABLE `dish_ingredients` (
  `dish_id` int(11) NOT NULL,
  `ingredient_id` int(11) NOT NULL,
  `unit_of_measurement` enum('ml','g','piece','slice') NOT NULL,
  `amount` float NOT NULL,
  PRIMARY KEY (`dish_id`,`ingredient_id`),
  KEY `ingredient_id` (`ingredient_id`),
  CONSTRAINT `dish_ingredients_ibfk_1` FOREIGN KEY (`dish_id`) REFERENCES `dishes` (`dish_id`) ON DELETE CASCADE,
  CONSTRAINT `dish_ingredients_ibfk_2` FOREIGN KEY (`ingredient_id`) REFERENCES `ingredients` (`ingredient_id`) ON DELETE CASCADE
) ENGINE=InnoDB DEFAULT CHARSET=utf8mb4 COLLATE=utf8mb4_uca1400_ai_ci;

TRUNCATE `dish_ingredients`;
INSERT INTO `dish_ingredients` (`dish_id`, `ingredient_id`, `unit_of_measurement`, `amount`) VALUES
(1,	11,	'g',	200),
(1,	12,	'g',	150),
(1,	13,	'g',	100),
(1,	14,	'g',	100),
(1,	15,	'piece',	2),
(1,	16,	'g',	400),
(200,	112,	'g',	100),
(200,	113,	'g',	150),
(200,	115,	'g',	150),
(200,	116,	'g',	80),
(200,	123,	'piece',	1),
(201,	117,	'piece',	2),
(201,	118,	'piece',	1),
(201,	119,	'g',	50),
(202,	113,	'g',	100),
(202,	114,	'g',	100),
(202,	116,	'g',	100),
(203,	118,	'piece',	1),
(203,	119,	'g',	50),
(203,	120,	'g',	150),
(204,	117,	'piece',	2),
(204,	121,	'g',	80),
(205,	115,	'g',	150),
(205,	116,	'g',	100),
(205,	121,	'g',	100),
(205,	123,	'piece',	1),
(206,	113,	'g',	120),
(206,	114,	'g',	100),
(206,	124,	'g',	80),
(207,	118,	'piece',	1),
(207,	119,	'g',	60),
(207,	120,	'g',	150),
(208,	112,	'g',	100),
(208,	115,	'g',	150),
(208,	116,	'g',	80),
(208,	121,	'g',	100),
(209,	114,	'g',	80),
(209,	117,	'piece',	2),
(209,	121,	'g',	80),
(210,	4,	'g',	150),
(210,	10,	'g',	50),
(210,	124,	'g',	100),
(210,	125,	'piece',	1),
(211,	117,	'piece',	2),
(211,	127,	'piece',	1),
(211,	128,	'g',	50),
(212,	8,	'g',	150),
(212,	9,	'g',	100),
(212,	122,	'piece',	1),
(212,	129,	'g',	20),
(213,	4,	'g',	150),
(213,	10,	'g',	80),
(213,	124,	'g',	100),
(213,	129,	'g',	15),
(214,	123,	'piece',	1),
(214,	124,	'g',	100),
(214,	127,	'piece',	1),
(215,	16,	'g',	400),
(215,	122,	'piece',	1),
(215,	124,	'g',	120),
(216,	4,	'g',	180),
(216,	16,	'g',	300),
(216,	129,	'g',	25),
(217,	117,	'piece',	2),
(217,	122,	'piece',	1),
(217,	129,	'g',	20),
(218,	7,	'g',	50),
(218,	8,	'g',	80),
(218,	16,	'g',	200),
(218,	122,	'piece',	1),
(218,	124,	'g',	100),
(219,	9,	'g',	100),
(219,	10,	'g',	50),
(219,	128,	'g',	50);

DROP TABLE IF EXISTS `ingredients`;
CREATE TABLE `ingredients` (
  `ingredient_id` int(11) NOT NULL AUTO_INCREMENT,
  `name` varchar(100) NOT NULL,
  `Unit_of_Measurement` varchar(100) NOT NULL COMMENT 'Nur in gramm bzw. ml??',
  `calories_per_UoM` float NOT NULL,
  `carbs_per_UoM` float NOT NULL,
  `fats_per_UoM` float NOT NULL,
  `protein_per_UoM` float NOT NULL,
  `category` varchar(100) NOT NULL,
  PRIMARY KEY (`ingredient_id`)
) ENGINE=InnoDB DEFAULT CHARSET=utf8mb4 COLLATE=utf8mb4_uca1400_ai_ci;

TRUNCATE `ingredients`;
INSERT INTO `ingredients` (`ingredient_id`, `name`, `Unit_of_Measurement`, `calories_per_UoM`, `carbs_per_UoM`, `fats_per_UoM`, `protein_per_UoM`, `category`) VALUES
(2,	'coconut milk',	'100ml',	216,	3,	21,	2.2,	''),
(3,	'curry powder',	'100g',	319,	49.1,	8.9,	9.9,	''),
(4,	'chicken breast filet',	'100g',	105,	0.6,	2,	21,	''),
(5,	'salt',	'100g',	0,	0,	0,	0,	''),
(6,	'pepper',	'100g',	251,	64,	3.3,	10.4,	''),
(7,	'champignons (brown)',	'100g',	20,	0.6,	0.3,	2.7,	''),
(8,	'onion (white)',	'piece',	19,	3.4,	0.2,	0.8,	''),
(9,	'spätzle',	'100g',	380,	68,	4.7,	15,	''),
(10,	'cream for cooking',	'100g',	163,	4,	15,	2.9,	''),
(11,	'beef broth (maggi)',	'100ml',	19,	0.3,	0.3,	0.1,	''),
(12,	'minced beef',	'100g',	238,	0,	15,	21,	''),
(13,	'corn',	'100g',	85,	15.4,	1.1,	2.5,	''),
(14,	'kidney beans',	'100g',	98,	12,	0.5,	5.6,	''),
(15,	'paprika powder',	'100g',	282,	54,	13,	14,	''),
(16,	'tomato puree',	'100ml',	37,	5.6,	0.5,	1.6,	''),
(112,	'quinoa',	'100g',	368,	64,	6,	14,	''),
(113,	'cherry tomatoes',	'100g',	18,	3.9,	0.2,	0.9,	''),
(114,	'mozzarella (light)',	'100g',	190,	2,	14,	20,	''),
(115,	'tofu (firm)',	'100g',	144,	1.9,	8,	15,	''),
(116,	'zucchini',	'100g',	17,	3.1,	0.3,	1.2,	''),
(117,	'egg',	'piece',	78,	0.6,	5,	6,	''),
(118,	'oats',	'100g',	389,	66,	7,	17,	''),
(119,	'banana',	'piece',	105,	27,	0.3,	1.3,	''),
(120,	'greek yogurt (low fat)',	'100g',	59,	3.6,	0.4,	10,	''),
(121,	'spinach (fresh)',	'100g',	23,	1.1,	0.4,	2.9,	''),
(122,	'mozzarella cheese',	'100g',	280,	3.1,	17,	28,	''),
(123,	'olive oil',	'100ml',	884,	0,	100,	0,	''),
(124,	'white pasta',	'100g',	358,	71,	1.5,	12,	''),
(125,	'parmesan',	'100g',	431,	4.1,	29,	38,	''),
(126,	'egg',	'piece',	78,	0.6,	5.3,	6.3,	''),
(127,	'avocado',	'100g',	160,	8.5,	15,	2,	''),
(128,	'bacon',	'100g',	541,	1.4,	42,	37,	''),
(129,	'butter',	'100g',	717,	0.1,	81,	0.9,	'');

DROP TABLE IF EXISTS `users`;
CREATE TABLE `users` (
  `user_id` int(11) NOT NULL AUTO_INCREMENT,
  `username` varchar(50) NOT NULL,
  `email` varchar(100) NOT NULL,
  `password_hash` varchar(255) NOT NULL,
  `role` enum('user','cook','admin') NOT NULL DEFAULT 'user',
  `gender` varchar(20) DEFAULT NULL,
  `age` int(11) DEFAULT NULL,
  `weight_kg` float DEFAULT NULL,
  `weight_pounds` float DEFAULT NULL,
  `height_cm` int(11) DEFAULT NULL,
  `height_feet_and_inches` varchar(10) DEFAULT NULL,
  `activityLevel` varchar(50) DEFAULT NULL,
  `goal` varchar(100) DEFAULT NULL,
  `week_plan` longtext CHARACTER SET utf8mb4 COLLATE utf8mb4_bin DEFAULT NULL CHECK (json_valid(`week_plan`)),
  PRIMARY KEY (`user_id`),
  UNIQUE KEY `username` (`username`),
  UNIQUE KEY `email` (`email`)
) ENGINE=InnoDB DEFAULT CHARSET=utf8mb4 COLLATE=utf8mb4_uca1400_ai_ci;

TRUNCATE `users`;
INSERT INTO `users` (`user_id`, `username`, `email`, `password_hash`, `role`, `gender`, `age`, `weight_kg`, `weight_pounds`, `height_cm`, `height_feet_and_inches`, `activityLevel`, `goal`, `week_plan`) VALUES
(21,	'unituebingen',	'uni@tuebingen.de',	'$2b$10$hUOtqLheeHUsTu2OJ5BJC.CSfjZ12Cgmo.YTTXFUGkJk20aIt5fWC',	'user',	NULL,	NULL,	NULL,	NULL,	NULL,	NULL,	NULL,	NULL,	NULL),
(22,	'user',	'user@user.com',	'$2b$10$QeoePGtXhQNBc8xS9EMiAus5YE5y.VQn5JXA1znPQL12SU9JQpVb6',	'user',	NULL,	NULL,	NULL,	NULL,	NULL,	NULL,	NULL,	NULL,	NULL),
(23,	'cook',	'cook@cook.com',	'$2b$10$G.LzZlviA5xBMGybxIR4buZmeCCKJKcXGuMWvdMa5NJN8.0bQ.a.6',	'cook',	NULL,	NULL,	NULL,	NULL,	NULL,	NULL,	NULL,	NULL,	NULL),
(24,	'admin',	'admin@admin.com',	'$2b$10$5oAL3bh6A0W6jGA5GZTji.p8y.rINmMbd1nBexdBwPgK3Sf8KelBq',	'admin',	'male',	2,	40,	88.2,	100,	'3\' 3\"',	'very low',	'Losing weight',	'[{\"breakfast\":{\"dish_id\":204,\"name\":\"Spinach Omelette\",\"preparation\":\"#Whisk eggs #Sauté spinach briefly #Pour eggs into pan and cook until set\",\"vm_score\":4,\"meal_category\":\"breakfast\",\"preparation_time_in_min\":7,\"total_calories\":270,\"total_protein\":15,\"total_fat\":19,\"total_carbs\":2,\"tags\":\"[\\\"keto\\\", \\\"bulk\\\"]\"},\"lunch\":{\"dish_id\":205,\"name\":\"Tofu Stir Fry\",\"preparation\":\"#Sauté tofu #Add zucchini and spinach #Season with soy sauce and chili\",\"vm_score\":5,\"meal_category\":\"main\",\"preparation_time_in_min\":18,\"total_calories\":427,\"total_protein\":20,\"total_fat\":23,\"total_carbs\":23,\"tags\":\"[\\\"vegan\\\", \\\"cut\\\"]\"},\"dinner\":{\"dish_id\":208,\"name\":\"Tofu Quinoa Bowl\",\"preparation\":\"#Combine cooked quinoa with tofu, spinach and zucchini #Top with lemon dressing\",\"vm_score\":5,\"meal_category\":\"main\",\"preparation_time_in_min\":20,\"total_calories\":427,\"total_protein\":20,\"total_fat\":15,\"total_carbs\":44,\"tags\":\"[\\\"vegan\\\", \\\"cut\\\"]\"},\"puffer\":null},{\"breakfast\":{\"dish_id\":204,\"name\":\"Spinach Omelette\",\"preparation\":\"#Whisk eggs #Sauté spinach briefly #Pour eggs into pan and cook until set\",\"vm_score\":4,\"meal_category\":\"breakfast\",\"preparation_time_in_min\":7,\"total_calories\":270,\"total_protein\":15,\"total_fat\":19,\"total_carbs\":2,\"tags\":\"[\\\"keto\\\", \\\"bulk\\\"]\"},\"lunch\":{\"dish_id\":208,\"name\":\"Tofu Quinoa Bowl\",\"preparation\":\"#Combine cooked quinoa with tofu, spinach and zucchini #Top with lemon dressing\",\"vm_score\":5,\"meal_category\":\"main\",\"preparation_time_in_min\":20,\"total_calories\":427,\"total_protein\":20,\"total_fat\":15,\"total_carbs\":44,\"tags\":\"[\\\"vegan\\\", \\\"cut\\\"]\"},\"dinner\":{\"dish_id\":205,\"name\":\"Tofu Stir Fry\",\"preparation\":\"#Sauté tofu #Add zucchini and spinach #Season with soy sauce and chili\",\"vm_score\":5,\"meal_category\":\"main\",\"preparation_time_in_min\":18,\"total_calories\":427,\"total_protein\":20,\"total_fat\":23,\"total_carbs\":23,\"tags\":\"[\\\"vegan\\\", \\\"cut\\\"]\"},\"puffer\":null},{\"breakfast\":{\"dish_id\":204,\"name\":\"Spinach Omelette\",\"preparation\":\"#Whisk eggs #Sauté spinach briefly #Pour eggs into pan and cook until set\",\"vm_score\":4,\"meal_category\":\"breakfast\",\"preparation_time_in_min\":7,\"total_calories\":270,\"total_protein\":15,\"total_fat\":19,\"total_carbs\":2,\"tags\":\"[\\\"keto\\\", \\\"bulk\\\"]\"},\"lunch\":{\"dish_id\":208,\"name\":\"Tofu Quinoa Bowl\",\"preparation\":\"#Combine cooked quinoa with tofu, spinach and zucchini #Top with lemon dressing\",\"vm_score\":5,\"meal_category\":\"main\",\"preparation_time_in_min\":20,\"total_calories\":427,\"total_protein\":20,\"total_fat\":15,\"total_carbs\":44,\"tags\":\"[\\\"vegan\\\", \\\"cut\\\"]\"},\"dinner\":{\"dish_id\":205,\"name\":\"Tofu Stir Fry\",\"preparation\":\"#Sauté tofu #Add zucchini and spinach #Season with soy sauce and chili\",\"vm_score\":5,\"meal_category\":\"main\",\"preparation_time_in_min\":18,\"total_calories\":427,\"total_protein\":20,\"total_fat\":23,\"total_carbs\":23,\"tags\":\"[\\\"vegan\\\", \\\"cut\\\"]\"},\"puffer\":null},{\"breakfast\":{\"dish_id\":204,\"name\":\"Spinach Omelette\",\"preparation\":\"#Whisk eggs #Sauté spinach briefly #Pour eggs into pan and cook until set\",\"vm_score\":4,\"meal_category\":\"breakfast\",\"preparation_time_in_min\":7,\"total_calories\":270,\"total_protein\":15,\"total_fat\":19,\"total_carbs\":2,\"tags\":\"[\\\"keto\\\", \\\"bulk\\\"]\"},\"lunch\":{\"dish_id\":208,\"name\":\"Tofu Quinoa Bowl\",\"preparation\":\"#Combine cooked quinoa with tofu, spinach and zucchini #Top with lemon dressing\",\"vm_score\":5,\"meal_category\":\"main\",\"preparation_time_in_min\":20,\"total_calories\":427,\"total_protein\":20,\"total_fat\":15,\"total_carbs\":44,\"tags\":\"[\\\"vegan\\\", \\\"cut\\\"]\"},\"dinner\":{\"dish_id\":205,\"name\":\"Tofu Stir Fry\",\"preparation\":\"#Sauté tofu #Add zucchini and spinach #Season with soy sauce and chili\",\"vm_score\":5,\"meal_category\":\"main\",\"preparation_time_in_min\":18,\"total_calories\":427,\"total_protein\":20,\"total_fat\":23,\"total_carbs\":23,\"tags\":\"[\\\"vegan\\\", \\\"cut\\\"]\"},\"puffer\":null},{\"breakfast\":{\"dish_id\":204,\"name\":\"Spinach Omelette\",\"preparation\":\"#Whisk eggs #Sauté spinach briefly #Pour eggs into pan and cook until set\",\"vm_score\":4,\"meal_category\":\"breakfast\",\"preparation_time_in_min\":7,\"total_calories\":270,\"total_protein\":15,\"total_fat\":19,\"total_carbs\":2,\"tags\":\"[\\\"keto\\\", \\\"bulk\\\"]\"},\"lunch\":{\"dish_id\":205,\"name\":\"Tofu Stir Fry\",\"preparation\":\"#Sauté tofu #Add zucchini and spinach #Season with soy sauce and chili\",\"vm_score\":5,\"meal_category\":\"main\",\"preparation_time_in_min\":18,\"total_calories\":427,\"total_protein\":20,\"total_fat\":23,\"total_carbs\":23,\"tags\":\"[\\\"vegan\\\", \\\"cut\\\"]\"},\"dinner\":{\"dish_id\":205,\"name\":\"Tofu Stir Fry\",\"preparation\":\"#Sauté tofu #Add zucchini and spinach #Season with soy sauce and chili\",\"vm_score\":5,\"meal_category\":\"main\",\"preparation_time_in_min\":18,\"total_calories\":427,\"total_protein\":20,\"total_fat\":23,\"total_carbs\":23,\"tags\":\"[\\\"vegan\\\", \\\"cut\\\"]\"},\"puffer\":null},{\"breakfast\":{\"dish_id\":204,\"name\":\"Spinach Omelette\",\"preparation\":\"#Whisk eggs #Sauté spinach briefly #Pour eggs into pan and cook until set\",\"vm_score\":4,\"meal_category\":\"breakfast\",\"preparation_time_in_min\":7,\"total_calories\":270,\"total_protein\":15,\"total_fat\":19,\"total_carbs\":2,\"tags\":\"[\\\"keto\\\", \\\"bulk\\\"]\"},\"lunch\":{\"dish_id\":205,\"name\":\"Tofu Stir Fry\",\"preparation\":\"#Sauté tofu #Add zucchini and spinach #Season with soy sauce and chili\",\"vm_score\":5,\"meal_category\":\"main\",\"preparation_time_in_min\":18,\"total_calories\":427,\"total_protein\":20,\"total_fat\":23,\"total_carbs\":23,\"tags\":\"[\\\"vegan\\\", \\\"cut\\\"]\"},\"dinner\":{\"dish_id\":208,\"name\":\"Tofu Quinoa Bowl\",\"preparation\":\"#Combine cooked quinoa with tofu, spinach and zucchini #Top with lemon dressing\",\"vm_score\":5,\"meal_category\":\"main\",\"preparation_time_in_min\":20,\"total_calories\":427,\"total_protein\":20,\"total_fat\":15,\"total_carbs\":44,\"tags\":\"[\\\"vegan\\\", \\\"cut\\\"]\"},\"puffer\":null},{\"breakfast\":{\"dish_id\":204,\"name\":\"Spinach Omelette\",\"preparation\":\"#Whisk eggs #Sauté spinach briefly #Pour eggs into pan and cook until set\",\"vm_score\":4,\"meal_category\":\"breakfast\",\"preparation_time_in_min\":7,\"total_calories\":270,\"total_protein\":15,\"total_fat\":19,\"total_carbs\":2,\"tags\":\"[\\\"keto\\\", \\\"bulk\\\"]\"},\"lunch\":{\"dish_id\":205,\"name\":\"Tofu Stir Fry\",\"preparation\":\"#Sauté tofu #Add zucchini and spinach #Season with soy sauce and chili\",\"vm_score\":5,\"meal_category\":\"main\",\"preparation_time_in_min\":18,\"total_calories\":427,\"total_protein\":20,\"total_fat\":23,\"total_carbs\":23,\"tags\":\"[\\\"vegan\\\", \\\"cut\\\"]\"},\"dinner\":{\"dish_id\":208,\"name\":\"Tofu Quinoa Bowl\",\"preparation\":\"#Combine cooked quinoa with tofu, spinach and zucchini #Top with lemon dressing\",\"vm_score\":5,\"meal_category\":\"main\",\"preparation_time_in_min\":20,\"total_calories\":427,\"total_protein\":20,\"total_fat\":15,\"total_carbs\":44,\"tags\":\"[\\\"vegan\\\", \\\"cut\\\"]\"},\"puffer\":null}]'),
(27,	'Matthias Vetter',	'matze2948@gmail.com',	'$2b$10$2cpJSvXoEuZ/9FIJqgLxJ.M6mqQJNPFAaZHd4Ux6jjV3vFUY4a0oC',	'admin',	'female',	99,	88.5,	195.1,	78,	'2\' 7\"',	'very low',	'Losing weight',	'[{\"breakfast\":{\"dish_id\":207,\"name\":\"Protein Oats\",\"preparation\":\"#Cook oats with water or milk #Stir in Greek yogurt and banana slices\",\"vm_score\":3,\"meal_category\":\"breakfast\",\"preparation_time_in_min\":8,\"total_calories\":493,\"total_protein\":22,\"total_fat\":7,\"total_carbs\":76,\"tags\":\"[\\\"breakfast\\\", \\\"bulk\\\"]\"},\"lunch\":{\"dish_id\":216,\"name\":\"Butter Chicken\",\"preparation\":\"#Cook chicken in butter and tomato puree #Serve with rice\",\"vm_score\":2,\"meal_category\":\"main\",\"preparation_time_in_min\":35,\"total_calories\":781,\"total_protein\":33,\"total_fat\":39,\"total_carbs\":62,\"tags\":\"[\\\"indian\\\", \\\"spicy\\\"]\"},\"dinner\":{\"dish_id\":1,\"name\":\"chili con carne\",\"preparation\":\"#Fry minced meatin a pan #Add tomato sauce, kidney beans, beef broth and corn #Season with paprika powder and chili #Simmer for  5-10 minutes\",\"vm_score\":1,\"meal_category\":\"main\",\"preparation_time_in_min\":20,\"total_calories\":781,\"total_protein\":1,\"total_fat\":1,\"total_carbs\":1,\"tags\":\"[\\\"cut\\\", \\\"bulk\\\"]\"},\"puffer\":null},{\"breakfast\":{\"dish_id\":217,\"name\":\"Cheesy Scrambled Eggs\",\"preparation\":\"#Scramble eggs with butter and cheese\",\"vm_score\":3,\"meal_category\":\"breakfast\",\"preparation_time_in_min\":10,\"total_calories\":493,\"total_protein\":18,\"total_fat\":40,\"total_carbs\":2,\"tags\":\"[\\\"quick\\\", \\\"high-fat\\\"]\"},\"lunch\":{\"dish_id\":212,\"name\":\"Spätzle with cheese and roasted onions\",\"preparation\":\"#Cook Spätzle #Melt butter and cheese #Top with roasted onions\",\"vm_score\":2,\"meal_category\":\"main\",\"preparation_time_in_min\":20,\"total_calories\":781,\"total_protein\":25,\"total_fat\":38,\"total_carbs\":68,\"tags\":\"[\\\"german\\\", \\\"cheese\\\"]\"},\"dinner\":{\"dish_id\":214,\"name\":\"Avocado Pasta\",\"preparation\":\"#Boil pasta #Blend avocado with olive oil and garlic #Mix with pasta\",\"vm_score\":1,\"meal_category\":\"main\",\"preparation_time_in_min\":20,\"total_calories\":781,\"total_protein\":16,\"total_fat\":37,\"total_carbs\":80,\"tags\":\"[\\\"veggie\\\", \\\"green\\\"]\"},\"puffer\":null},{\"breakfast\":{\"dish_id\":217,\"name\":\"Cheesy Scrambled Eggs\",\"preparation\":\"#Scramble eggs with butter and cheese\",\"vm_score\":3,\"meal_category\":\"breakfast\",\"preparation_time_in_min\":10,\"total_calories\":493,\"total_protein\":18,\"total_fat\":40,\"total_carbs\":2,\"tags\":\"[\\\"quick\\\", \\\"high-fat\\\"]\"},\"lunch\":{\"dish_id\":212,\"name\":\"Spätzle with cheese and roasted onions\",\"preparation\":\"#Cook Spätzle #Melt butter and cheese #Top with roasted onions\",\"vm_score\":2,\"meal_category\":\"main\",\"preparation_time_in_min\":20,\"total_calories\":781,\"total_protein\":25,\"total_fat\":38,\"total_carbs\":68,\"tags\":\"[\\\"german\\\", \\\"cheese\\\"]\"},\"dinner\":{\"dish_id\":212,\"name\":\"Spätzle with cheese and roasted onions\",\"preparation\":\"#Cook Spätzle #Melt butter and cheese #Top with roasted onions\",\"vm_score\":2,\"meal_category\":\"main\",\"preparation_time_in_min\":20,\"total_calories\":781,\"total_protein\":25,\"total_fat\":38,\"total_carbs\":68,\"tags\":\"[\\\"german\\\", \\\"cheese\\\"]\"},\"puffer\":null},{\"breakfast\":{\"dish_id\":217,\"name\":\"Cheesy Scrambled Eggs\",\"preparation\":\"#Scramble eggs with butter and cheese\",\"vm_score\":3,\"meal_category\":\"breakfast\",\"preparation_time_in_min\":10,\"total_calories\":493,\"total_protein\":18,\"total_fat\":40,\"total_carbs\":2,\"tags\":\"[\\\"quick\\\", \\\"high-fat\\\"]\"},\"lunch\":{\"dish_id\":1,\"name\":\"chili con carne\",\"preparation\":\"#Fry minced meatin a pan #Add tomato sauce, kidney beans, beef broth and corn #Season with paprika powder and chili #Simmer for  5-10 minutes\",\"vm_score\":1,\"meal_category\":\"main\",\"preparation_time_in_min\":20,\"total_calories\":781,\"total_protein\":1,\"total_fat\":1,\"total_carbs\":1,\"tags\":\"[\\\"cut\\\", \\\"bulk\\\"]\"},\"dinner\":{\"dish_id\":212,\"name\":\"Spätzle with cheese and roasted onions\",\"preparation\":\"#Cook Spätzle #Melt butter and cheese #Top with roasted onions\",\"vm_score\":2,\"meal_category\":\"main\",\"preparation_time_in_min\":20,\"total_calories\":781,\"total_protein\":25,\"total_fat\":38,\"total_carbs\":68,\"tags\":\"[\\\"german\\\", \\\"cheese\\\"]\"},\"puffer\":null},{\"breakfast\":{\"dish_id\":217,\"name\":\"Cheesy Scrambled Eggs\",\"preparation\":\"#Scramble eggs with butter and cheese\",\"vm_score\":3,\"meal_category\":\"breakfast\",\"preparation_time_in_min\":10,\"total_calories\":493,\"total_protein\":18,\"total_fat\":40,\"total_carbs\":2,\"tags\":\"[\\\"quick\\\", \\\"high-fat\\\"]\"},\"lunch\":{\"dish_id\":212,\"name\":\"Spätzle with cheese and roasted onions\",\"preparation\":\"#Cook Spätzle #Melt butter and cheese #Top with roasted onions\",\"vm_score\":2,\"meal_category\":\"main\",\"preparation_time_in_min\":20,\"total_calories\":781,\"total_protein\":25,\"total_fat\":38,\"total_carbs\":68,\"tags\":\"[\\\"german\\\", \\\"cheese\\\"]\"},\"dinner\":{\"dish_id\":1,\"name\":\"chili con carne\",\"preparation\":\"#Fry minced meatin a pan #Add tomato sauce, kidney beans, beef broth and corn #Season with paprika powder and chili #Simmer for  5-10 minutes\",\"vm_score\":1,\"meal_category\":\"main\",\"preparation_time_in_min\":20,\"total_calories\":781,\"total_protein\":1,\"total_fat\":1,\"total_carbs\":1,\"tags\":\"[\\\"cut\\\", \\\"bulk\\\"]\"},\"puffer\":null},{\"breakfast\":{\"dish_id\":217,\"name\":\"Cheesy Scrambled Eggs\",\"preparation\":\"#Scramble eggs with butter and cheese\",\"vm_score\":3,\"meal_category\":\"breakfast\",\"preparation_time_in_min\":10,\"total_calories\":493,\"total_protein\":18,\"total_fat\":40,\"total_carbs\":2,\"tags\":\"[\\\"quick\\\", \\\"high-fat\\\"]\"},\"lunch\":{\"dish_id\":216,\"name\":\"Butter Chicken\",\"preparation\":\"#Cook chicken in butter and tomato puree #Serve with rice\",\"vm_score\":2,\"meal_category\":\"main\",\"preparation_time_in_min\":35,\"total_calories\":781,\"total_protein\":33,\"total_fat\":39,\"total_carbs\":62,\"tags\":\"[\\\"indian\\\", \\\"spicy\\\"]\"},\"dinner\":{\"dish_id\":214,\"name\":\"Avocado Pasta\",\"preparation\":\"#Boil pasta #Blend avocado with olive oil and garlic #Mix with pasta\",\"vm_score\":1,\"meal_category\":\"main\",\"preparation_time_in_min\":20,\"total_calories\":781,\"total_protein\":16,\"total_fat\":37,\"total_carbs\":80,\"tags\":\"[\\\"veggie\\\", \\\"green\\\"]\"},\"puffer\":null},{\"breakfast\":{\"dish_id\":207,\"name\":\"Protein Oats\",\"preparation\":\"#Cook oats with water or milk #Stir in Greek yogurt and banana slices\",\"vm_score\":3,\"meal_category\":\"breakfast\",\"preparation_time_in_min\":8,\"total_calories\":493,\"total_protein\":22,\"total_fat\":7,\"total_carbs\":76,\"tags\":\"[\\\"breakfast\\\", \\\"bulk\\\"]\"},\"lunch\":{\"dish_id\":1,\"name\":\"chili con carne\",\"preparation\":\"#Fry minced meatin a pan #Add tomato sauce, kidney beans, beef broth and corn #Season with paprika powder and chili #Simmer for  5-10 minutes\",\"vm_score\":1,\"meal_category\":\"main\",\"preparation_time_in_min\":20,\"total_calories\":781,\"total_protein\":1,\"total_fat\":1,\"total_carbs\":1,\"tags\":\"[\\\"cut\\\", \\\"bulk\\\"]\"},\"dinner\":{\"dish_id\":216,\"name\":\"Butter Chicken\",\"preparation\":\"#Cook chicken in butter and tomato puree #Serve with rice\",\"vm_score\":2,\"meal_category\":\"main\",\"preparation_time_in_min\":35,\"total_calories\":781,\"total_protein\":33,\"total_fat\":39,\"total_carbs\":62,\"tags\":\"[\\\"indian\\\", \\\"spicy\\\"]\"},\"puffer\":null}]'),
(45,	'Daniel Mehler',	'daniel.sebastian.mehler@gmail.com',	'$2b$10$2TKNHwZutU0nlVacU.YVqu4a1aMG9/kI5sQVXQeMKWdHohYQNRrnO',	'admin',	NULL,	NULL,	NULL,	NULL,	NULL,	NULL,	NULL,	NULL,	NULL),
(46,	'jojo',	'jojo@jojo.com',	'$2b$10$BA./T9ZNJrHQPYBUItZZmuL5H6LEozjIUnwSL16hBilocCwB47bQ6',	'user',	NULL,	NULL,	NULL,	NULL,	NULL,	NULL,	NULL,	NULL,	NULL),
(47,	'Robert',	'robert@gmail.com',	'$2b$10$WKMAwaGAdhNUkRP23a5XleQXzEF/XpQLDJL5FphqixdWJ4UaBt08i',	'user',	NULL,	NULL,	NULL,	NULL,	NULL,	NULL,	NULL,	NULL,	NULL),
(48,	'Test',	'test@test.com',	'$2b$10$VOrQNzrAdvBeCfZhzyjgs.Wu4j8PUo7ZFM4gY/ZRY.sz2NVPH9v0O',	'user',	'male',	23,	76,	167.6,	187,	'6\' 2\"',	'active',	'Gaining weight',	'[{\"breakfast\":{\"dish_id\":211,\"name\":\"Bacon Avocado Omelette\",\"preparation\":\"#Whisk eggs #Fry bacon #Add avocado slices and cook everything into omelette\",\"vm_score\":3,\"meal_category\":\"breakfast\",\"preparation_time_in_min\":15,\"total_calories\":801,\"total_protein\":28,\"total_fat\":66,\"total_carbs\":5,\"tags\":\"[\\\"keto\\\", \\\"brunch\\\"]\"},\"lunch\":{\"dish_id\":213,\"name\":\"Chicken Alfredo\",\"preparation\":\"#Fry chicken #Prepare creamy sauce with butter and cream #Add to cooked pasta\",\"vm_score\":3,\"meal_category\":\"main\",\"preparation_time_in_min\":30,\"total_calories\":1224,\"total_protein\":62,\"total_fat\":66,\"total_carbs\":84,\"tags\":\"[\\\"italian\\\", \\\"rich\\\"]\"},\"dinner\":{\"dish_id\":219,\"name\":\"Creamy Bacon Spätzle\",\"preparation\":\"#Boil Spätzle #Add cream, bacon and melt everything together\",\"vm_score\":3,\"meal_category\":\"main\",\"preparation_time_in_min\":25,\"total_calories\":1260,\"total_protein\":42,\"total_fat\":78,\"total_carbs\":96,\"tags\":\"[\\\"german\\\", \\\"comfort\\\"]\"},\"puffer\":null},{\"breakfast\":{\"dish_id\":211,\"name\":\"Bacon Avocado Omelette\",\"preparation\":\"#Whisk eggs #Fry bacon #Add avocado slices and cook everything into omelette\",\"vm_score\":3,\"meal_category\":\"breakfast\",\"preparation_time_in_min\":15,\"total_calories\":801,\"total_protein\":28,\"total_fat\":66,\"total_carbs\":5,\"tags\":\"[\\\"keto\\\", \\\"brunch\\\"]\"},\"lunch\":{\"dish_id\":213,\"name\":\"Chicken Alfredo\",\"preparation\":\"#Fry chicken #Prepare creamy sauce with butter and cream #Add to cooked pasta\",\"vm_score\":3,\"meal_category\":\"main\",\"preparation_time_in_min\":30,\"total_calories\":1224,\"total_protein\":62,\"total_fat\":66,\"total_carbs\":84,\"tags\":\"[\\\"italian\\\", \\\"rich\\\"]\"},\"dinner\":{\"dish_id\":219,\"name\":\"Creamy Bacon Spätzle\",\"preparation\":\"#Boil Spätzle #Add cream, bacon and melt everything together\",\"vm_score\":3,\"meal_category\":\"main\",\"preparation_time_in_min\":25,\"total_calories\":1260,\"total_protein\":42,\"total_fat\":78,\"total_carbs\":96,\"tags\":\"[\\\"german\\\", \\\"comfort\\\"]\"},\"puffer\":null},{\"breakfast\":{\"dish_id\":211,\"name\":\"Bacon Avocado Omelette\",\"preparation\":\"#Whisk eggs #Fry bacon #Add avocado slices and cook everything into omelette\",\"vm_score\":3,\"meal_category\":\"breakfast\",\"preparation_time_in_min\":15,\"total_calories\":801,\"total_protein\":28,\"total_fat\":66,\"total_carbs\":5,\"tags\":\"[\\\"keto\\\", \\\"brunch\\\"]\"},\"lunch\":{\"dish_id\":213,\"name\":\"Chicken Alfredo\",\"preparation\":\"#Fry chicken #Prepare creamy sauce with butter and cream #Add to cooked pasta\",\"vm_score\":3,\"meal_category\":\"main\",\"preparation_time_in_min\":30,\"total_calories\":1224,\"total_protein\":62,\"total_fat\":66,\"total_carbs\":84,\"tags\":\"[\\\"italian\\\", \\\"rich\\\"]\"},\"dinner\":{\"dish_id\":219,\"name\":\"Creamy Bacon Spätzle\",\"preparation\":\"#Boil Spätzle #Add cream, bacon and melt everything together\",\"vm_score\":3,\"meal_category\":\"main\",\"preparation_time_in_min\":25,\"total_calories\":1260,\"total_protein\":42,\"total_fat\":78,\"total_carbs\":96,\"tags\":\"[\\\"german\\\", \\\"comfort\\\"]\"},\"puffer\":null},{\"breakfast\":{\"dish_id\":211,\"name\":\"Bacon Avocado Omelette\",\"preparation\":\"#Whisk eggs #Fry bacon #Add avocado slices and cook everything into omelette\",\"vm_score\":3,\"meal_category\":\"breakfast\",\"preparation_time_in_min\":15,\"total_calories\":801,\"total_protein\":28,\"total_fat\":66,\"total_carbs\":5,\"tags\":\"[\\\"keto\\\", \\\"brunch\\\"]\"},\"lunch\":{\"dish_id\":213,\"name\":\"Chicken Alfredo\",\"preparation\":\"#Fry chicken #Prepare creamy sauce with butter and cream #Add to cooked pasta\",\"vm_score\":3,\"meal_category\":\"main\",\"preparation_time_in_min\":30,\"total_calories\":1224,\"total_protein\":62,\"total_fat\":66,\"total_carbs\":84,\"tags\":\"[\\\"italian\\\", \\\"rich\\\"]\"},\"dinner\":{\"dish_id\":219,\"name\":\"Creamy Bacon Spätzle\",\"preparation\":\"#Boil Spätzle #Add cream, bacon and melt everything together\",\"vm_score\":3,\"meal_category\":\"main\",\"preparation_time_in_min\":25,\"total_calories\":1260,\"total_protein\":42,\"total_fat\":78,\"total_carbs\":96,\"tags\":\"[\\\"german\\\", \\\"comfort\\\"]\"},\"puffer\":null},{\"breakfast\":{\"dish_id\":211,\"name\":\"Bacon Avocado Omelette\",\"preparation\":\"#Whisk eggs #Fry bacon #Add avocado slices and cook everything into omelette\",\"vm_score\":3,\"meal_category\":\"breakfast\",\"preparation_time_in_min\":15,\"total_calories\":801,\"total_protein\":28,\"total_fat\":66,\"total_carbs\":5,\"tags\":\"[\\\"keto\\\", \\\"brunch\\\"]\"},\"lunch\":{\"dish_id\":213,\"name\":\"Chicken Alfredo\",\"preparation\":\"#Fry chicken #Prepare creamy sauce with butter and cream #Add to cooked pasta\",\"vm_score\":3,\"meal_category\":\"main\",\"preparation_time_in_min\":30,\"total_calories\":1224,\"total_protein\":62,\"total_fat\":66,\"total_carbs\":84,\"tags\":\"[\\\"italian\\\", \\\"rich\\\"]\"},\"dinner\":{\"dish_id\":219,\"name\":\"Creamy Bacon Spätzle\",\"preparation\":\"#Boil Spätzle #Add cream, bacon and melt everything together\",\"vm_score\":3,\"meal_category\":\"main\",\"preparation_time_in_min\":25,\"total_calories\":1260,\"total_protein\":42,\"total_fat\":78,\"total_carbs\":96,\"tags\":\"[\\\"german\\\", \\\"comfort\\\"]\"},\"puffer\":null},{\"breakfast\":{\"dish_id\":211,\"name\":\"Bacon Avocado Omelette\",\"preparation\":\"#Whisk eggs #Fry bacon #Add avocado slices and cook everything into omelette\",\"vm_score\":3,\"meal_category\":\"breakfast\",\"preparation_time_in_min\":15,\"total_calories\":801,\"total_protein\":28,\"total_fat\":66,\"total_carbs\":5,\"tags\":\"[\\\"keto\\\", \\\"brunch\\\"]\"},\"lunch\":{\"dish_id\":213,\"name\":\"Chicken Alfredo\",\"preparation\":\"#Fry chicken #Prepare creamy sauce with butter and cream #Add to cooked pasta\",\"vm_score\":3,\"meal_category\":\"main\",\"preparation_time_in_min\":30,\"total_calories\":1224,\"total_protein\":62,\"total_fat\":66,\"total_carbs\":84,\"tags\":\"[\\\"italian\\\", \\\"rich\\\"]\"},\"dinner\":{\"dish_id\":213,\"name\":\"Chicken Alfredo\",\"preparation\":\"#Fry chicken #Prepare creamy sauce with butter and cream #Add to cooked pasta\",\"vm_score\":3,\"meal_category\":\"main\",\"preparation_time_in_min\":30,\"total_calories\":1224,\"total_protein\":62,\"total_fat\":66,\"total_carbs\":84,\"tags\":\"[\\\"italian\\\", \\\"rich\\\"]\"},\"puffer\":null},{\"breakfast\":{\"dish_id\":211,\"name\":\"Bacon Avocado Omelette\",\"preparation\":\"#Whisk eggs #Fry bacon #Add avocado slices and cook everything into omelette\",\"vm_score\":3,\"meal_category\":\"breakfast\",\"preparation_time_in_min\":15,\"total_calories\":801,\"total_protein\":28,\"total_fat\":66,\"total_carbs\":5,\"tags\":\"[\\\"keto\\\", \\\"brunch\\\"]\"},\"lunch\":{\"dish_id\":219,\"name\":\"Creamy Bacon Spätzle\",\"preparation\":\"#Boil Spätzle #Add cream, bacon and melt everything together\",\"vm_score\":3,\"meal_category\":\"main\",\"preparation_time_in_min\":25,\"total_calories\":1260,\"total_protein\":42,\"total_fat\":78,\"total_carbs\":96,\"tags\":\"[\\\"german\\\", \\\"comfort\\\"]\"},\"dinner\":{\"dish_id\":213,\"name\":\"Chicken Alfredo\",\"preparation\":\"#Fry chicken #Prepare creamy sauce with butter and cream #Add to cooked pasta\",\"vm_score\":3,\"meal_category\":\"main\",\"preparation_time_in_min\":30,\"total_calories\":1224,\"total_protein\":62,\"total_fat\":66,\"total_carbs\":84,\"tags\":\"[\\\"italian\\\", \\\"rich\\\"]\"},\"puffer\":null}]'),
(50,	'HELO_UNDAWADA',	'ad@ad.com',	'$2b$10$g4ZLTUo6sfpmouzP5zFHLO2RTgas78ch4c1V6edo3wbCji.3XnHkm',	'user',	'female',	15,	75.5,	166.4,	100,	'3\' 3\"',	'moderate',	'Gaining weight',	NULL),
(51,	'op',	'op@op.com',	'$2b$10$9gm8ilIB3iLOU30bRYuaqeCQ45oGys0I6DR/qQ1u.02/2nXn809Vi',	'user',	'Male',	15,	30.5,	67.2,	175,	'5\' 9\"',	'active',	'Maintaining weight',	NULL),
(52,	'lp',	'lp@lp.com',	'$2b$10$L/hbpTY6/73rugo7NABSouETGkV75DtrOBHKLYU5DKXmlIww18hSG',	'user',	'male',	15,	75.5,	166.4,	100,	'3\' 3\"',	'active',	'Maintaining weight',	'[{\"breakfast\":{\"dish_id\":217,\"name\":\"Cheesy Scrambled Eggs\",\"preparation\":\"#Scramble eggs with butter and cheese\",\"vm_score\":3,\"meal_category\":\"breakfast\",\"preparation_time_in_min\":10,\"total_calories\":582,\"total_protein\":21,\"total_fat\":48,\"total_carbs\":2,\"tags\":\"[\\\"quick\\\", \\\"high-fat\\\"]\"},\"lunch\":{\"dish_id\":214,\"name\":\"Avocado Pasta\",\"preparation\":\"#Boil pasta #Blend avocado with olive oil and garlic #Mix with pasta\",\"vm_score\":1,\"meal_category\":\"main\",\"preparation_time_in_min\":20,\"total_calories\":922,\"total_protein\":19,\"total_fat\":44,\"total_carbs\":94,\"tags\":\"[\\\"veggie\\\", \\\"green\\\"]\"},\"dinner\":{\"dish_id\":213,\"name\":\"Chicken Alfredo\",\"preparation\":\"#Fry chicken #Prepare creamy sauce with butter and cream #Add to cooked pasta\",\"vm_score\":3,\"meal_category\":\"main\",\"preparation_time_in_min\":30,\"total_calories\":922,\"total_protein\":47,\"total_fat\":50,\"total_carbs\":63,\"tags\":\"[\\\"italian\\\", \\\"rich\\\"]\"},\"puffer\":null},{\"breakfast\":{\"dish_id\":217,\"name\":\"Cheesy Scrambled Eggs\",\"preparation\":\"#Scramble eggs with butter and cheese\",\"vm_score\":3,\"meal_category\":\"breakfast\",\"preparation_time_in_min\":10,\"total_calories\":582,\"total_protein\":21,\"total_fat\":48,\"total_carbs\":2,\"tags\":\"[\\\"quick\\\", \\\"high-fat\\\"]\"},\"lunch\":{\"dish_id\":216,\"name\":\"Butter Chicken\",\"preparation\":\"#Cook chicken in butter and tomato puree #Serve with rice\",\"vm_score\":2,\"meal_category\":\"main\",\"preparation_time_in_min\":35,\"total_calories\":922,\"total_protein\":39,\"total_fat\":47,\"total_carbs\":73,\"tags\":\"[\\\"indian\\\", \\\"spicy\\\"]\"},\"dinner\":{\"dish_id\":216,\"name\":\"Butter Chicken\",\"preparation\":\"#Cook chicken in butter and tomato puree #Serve with rice\",\"vm_score\":2,\"meal_category\":\"main\",\"preparation_time_in_min\":35,\"total_calories\":922,\"total_protein\":39,\"total_fat\":47,\"total_carbs\":73,\"tags\":\"[\\\"indian\\\", \\\"spicy\\\"]\"},\"puffer\":null},{\"breakfast\":{\"dish_id\":217,\"name\":\"Cheesy Scrambled Eggs\",\"preparation\":\"#Scramble eggs with butter and cheese\",\"vm_score\":3,\"meal_category\":\"breakfast\",\"preparation_time_in_min\":10,\"total_calories\":582,\"total_protein\":21,\"total_fat\":48,\"total_carbs\":2,\"tags\":\"[\\\"quick\\\", \\\"high-fat\\\"]\"},\"lunch\":{\"dish_id\":218,\"name\":\"Loaded Veggie Pasta\",\"preparation\":\"#Cook pasta #Add champignons, onion, tomato puree and cheese\",\"vm_score\":2,\"meal_category\":\"main\",\"preparation_time_in_min\":20,\"total_calories\":922,\"total_protein\":32,\"total_fat\":40,\"total_carbs\":95,\"tags\":\"[\\\"vegetarian\\\", \\\"pasta\\\"]\"},\"dinner\":{\"dish_id\":218,\"name\":\"Loaded Veggie Pasta\",\"preparation\":\"#Cook pasta #Add champignons, onion, tomato puree and cheese\",\"vm_score\":2,\"meal_category\":\"main\",\"preparation_time_in_min\":20,\"total_calories\":922,\"total_protein\":32,\"total_fat\":40,\"total_carbs\":95,\"tags\":\"[\\\"vegetarian\\\", \\\"pasta\\\"]\"},\"puffer\":null},{\"breakfast\":{\"dish_id\":217,\"name\":\"Cheesy Scrambled Eggs\",\"preparation\":\"#Scramble eggs with butter and cheese\",\"vm_score\":3,\"meal_category\":\"breakfast\",\"preparation_time_in_min\":10,\"total_calories\":582,\"total_protein\":21,\"total_fat\":48,\"total_carbs\":2,\"tags\":\"[\\\"quick\\\", \\\"high-fat\\\"]\"},\"lunch\":{\"dish_id\":210,\"name\":\"Creamy Chicken Pasta\",\"preparation\":\"#Cook pasta #Fry chicken breast with olive oil #Add cream and parmesan #Mix everything and serve\",\"vm_score\":2,\"meal_category\":\"main\",\"preparation_time_in_min\":25,\"total_calories\":922,\"total_protein\":47,\"total_fat\":45,\"total_carbs\":66,\"tags\":\"[\\\"hearty\\\", \\\"high-calorie\\\"]\"},\"dinner\":{\"dish_id\":218,\"name\":\"Loaded Veggie Pasta\",\"preparation\":\"#Cook pasta #Add champignons, onion, tomato puree and cheese\",\"vm_score\":2,\"meal_category\":\"main\",\"preparation_time_in_min\":20,\"total_calories\":922,\"total_protein\":32,\"total_fat\":40,\"total_carbs\":95,\"tags\":\"[\\\"vegetarian\\\", \\\"pasta\\\"]\"},\"puffer\":null},{\"breakfast\":{\"dish_id\":217,\"name\":\"Cheesy Scrambled Eggs\",\"preparation\":\"#Scramble eggs with butter and cheese\",\"vm_score\":3,\"meal_category\":\"breakfast\",\"preparation_time_in_min\":10,\"total_calories\":582,\"total_protein\":21,\"total_fat\":48,\"total_carbs\":2,\"tags\":\"[\\\"quick\\\", \\\"high-fat\\\"]\"},\"lunch\":{\"dish_id\":212,\"name\":\"Spätzle with cheese and roasted onions\",\"preparation\":\"#Cook Spätzle #Melt butter and cheese #Top with roasted onions\",\"vm_score\":2,\"meal_category\":\"main\",\"preparation_time_in_min\":20,\"total_calories\":922,\"total_protein\":30,\"total_fat\":45,\"total_carbs\":80,\"tags\":\"[\\\"german\\\", \\\"cheese\\\"]\"},\"dinner\":{\"dish_id\":213,\"name\":\"Chicken Alfredo\",\"preparation\":\"#Fry chicken #Prepare creamy sauce with butter and cream #Add to cooked pasta\",\"vm_score\":3,\"meal_category\":\"main\",\"preparation_time_in_min\":30,\"total_calories\":922,\"total_protein\":47,\"total_fat\":50,\"total_carbs\":63,\"tags\":\"[\\\"italian\\\", \\\"rich\\\"]\"},\"puffer\":null},{\"breakfast\":{\"dish_id\":217,\"name\":\"Cheesy Scrambled Eggs\",\"preparation\":\"#Scramble eggs with butter and cheese\",\"vm_score\":3,\"meal_category\":\"breakfast\",\"preparation_time_in_min\":10,\"total_calories\":582,\"total_protein\":21,\"total_fat\":48,\"total_carbs\":2,\"tags\":\"[\\\"quick\\\", \\\"high-fat\\\"]\"},\"lunch\":{\"dish_id\":213,\"name\":\"Chicken Alfredo\",\"preparation\":\"#Fry chicken #Prepare creamy sauce with butter and cream #Add to cooked pasta\",\"vm_score\":3,\"meal_category\":\"main\",\"preparation_time_in_min\":30,\"total_calories\":922,\"total_protein\":47,\"total_fat\":50,\"total_carbs\":63,\"tags\":\"[\\\"italian\\\", \\\"rich\\\"]\"},\"dinner\":{\"dish_id\":215,\"name\":\"Mozzarella Lasagna\",\"preparation\":\"#Layer pasta with tomato sauce and mozzarella #Bake in oven\",\"vm_score\":2,\"meal_category\":\"main\",\"preparation_time_in_min\":40,\"total_calories\":922,\"total_protein\":33,\"total_fat\":47,\"total_carbs\":74,\"tags\":\"[\\\"italian\\\", \\\"cheese\\\"]\"},\"puffer\":null},{\"breakfast\":{\"dish_id\":217,\"name\":\"Cheesy Scrambled Eggs\",\"preparation\":\"#Scramble eggs with butter and cheese\",\"vm_score\":3,\"meal_category\":\"breakfast\",\"preparation_time_in_min\":10,\"total_calories\":582,\"total_protein\":21,\"total_fat\":48,\"total_carbs\":2,\"tags\":\"[\\\"quick\\\", \\\"high-fat\\\"]\"},\"lunch\":{\"dish_id\":210,\"name\":\"Creamy Chicken Pasta\",\"preparation\":\"#Cook pasta #Fry chicken breast with olive oil #Add cream and parmesan #Mix everything and serve\",\"vm_score\":2,\"meal_category\":\"main\",\"preparation_time_in_min\":25,\"total_calories\":922,\"total_protein\":47,\"total_fat\":45,\"total_carbs\":66,\"tags\":\"[\\\"hearty\\\", \\\"high-calorie\\\"]\"},\"dinner\":{\"dish_id\":215,\"name\":\"Mozzarella Lasagna\",\"preparation\":\"#Layer pasta with tomato sauce and mozzarella #Bake in oven\",\"vm_score\":2,\"meal_category\":\"main\",\"preparation_time_in_min\":40,\"total_calories\":922,\"total_protein\":33,\"total_fat\":47,\"total_carbs\":74,\"tags\":\"[\\\"italian\\\", \\\"cheese\\\"]\"},\"puffer\":null}]'),
(53,	'üü',	'u@u.com',	'$2b$10$tY5iV/6yK/ytWv4u56.z6uzd8Va8Bmh75ZO5FL6Es4jCdcOjn8OZW',	'user',	'female',	15,	75.5,	166.4,	175,	'5\' 9\"',	'very low',	'Losing weight',	'[{\"breakfast\":{\"dish_id\":207,\"name\":\"Protein Oats\",\"preparation\":\"#Cook oats with water or milk #Stir in Greek yogurt and banana slices\",\"vm_score\":3,\"meal_category\":\"breakfast\",\"preparation_time_in_min\":8,\"total_calories\":422,\"total_protein\":19,\"total_fat\":6,\"total_carbs\":65,\"tags\":\"[\\\"breakfast\\\", \\\"bulk\\\"]\"},\"lunch\":{\"dish_id\":206,\"name\":\"Cherry Tomato Pasta\",\"preparation\":\"#Cook pasta #Add sautéed cherry tomatoes #Top with light mozzarella and herbs\",\"vm_score\":6,\"meal_category\":\"main\",\"preparation_time_in_min\":15,\"total_calories\":668,\"total_protein\":22,\"total_fat\":20,\"total_carbs\":89,\"tags\":\"[\\\"vegetarian\\\"]\"},\"dinner\":{\"dish_id\":206,\"name\":\"Cherry Tomato Pasta\",\"preparation\":\"#Cook pasta #Add sautéed cherry tomatoes #Top with light mozzarella and herbs\",\"vm_score\":6,\"meal_category\":\"main\",\"preparation_time_in_min\":15,\"total_calories\":668,\"total_protein\":22,\"total_fat\":20,\"total_carbs\":89,\"tags\":\"[\\\"vegetarian\\\"]\"},\"puffer\":null},{\"breakfast\":{\"dish_id\":207,\"name\":\"Protein Oats\",\"preparation\":\"#Cook oats with water or milk #Stir in Greek yogurt and banana slices\",\"vm_score\":3,\"meal_category\":\"breakfast\",\"preparation_time_in_min\":8,\"total_calories\":422,\"total_protein\":19,\"total_fat\":6,\"total_carbs\":65,\"tags\":\"[\\\"breakfast\\\", \\\"bulk\\\"]\"},\"lunch\":{\"dish_id\":206,\"name\":\"Cherry Tomato Pasta\",\"preparation\":\"#Cook pasta #Add sautéed cherry tomatoes #Top with light mozzarella and herbs\",\"vm_score\":6,\"meal_category\":\"main\",\"preparation_time_in_min\":15,\"total_calories\":668,\"total_protein\":22,\"total_fat\":20,\"total_carbs\":89,\"tags\":\"[\\\"vegetarian\\\"]\"},\"dinner\":{\"dish_id\":206,\"name\":\"Cherry Tomato Pasta\",\"preparation\":\"#Cook pasta #Add sautéed cherry tomatoes #Top with light mozzarella and herbs\",\"vm_score\":6,\"meal_category\":\"main\",\"preparation_time_in_min\":15,\"total_calories\":668,\"total_protein\":22,\"total_fat\":20,\"total_carbs\":89,\"tags\":\"[\\\"vegetarian\\\"]\"},\"puffer\":null},{\"breakfast\":{\"dish_id\":207,\"name\":\"Protein Oats\",\"preparation\":\"#Cook oats with water or milk #Stir in Greek yogurt and banana slices\",\"vm_score\":3,\"meal_category\":\"breakfast\",\"preparation_time_in_min\":8,\"total_calories\":422,\"total_protein\":19,\"total_fat\":6,\"total_carbs\":65,\"tags\":\"[\\\"breakfast\\\", \\\"bulk\\\"]\"},\"lunch\":{\"dish_id\":206,\"name\":\"Cherry Tomato Pasta\",\"preparation\":\"#Cook pasta #Add sautéed cherry tomatoes #Top with light mozzarella and herbs\",\"vm_score\":6,\"meal_category\":\"main\",\"preparation_time_in_min\":15,\"total_calories\":668,\"total_protein\":22,\"total_fat\":20,\"total_carbs\":89,\"tags\":\"[\\\"vegetarian\\\"]\"},\"dinner\":{\"dish_id\":206,\"name\":\"Cherry Tomato Pasta\",\"preparation\":\"#Cook pasta #Add sautéed cherry tomatoes #Top with light mozzarella and herbs\",\"vm_score\":6,\"meal_category\":\"main\",\"preparation_time_in_min\":15,\"total_calories\":668,\"total_protein\":22,\"total_fat\":20,\"total_carbs\":89,\"tags\":\"[\\\"vegetarian\\\"]\"},\"puffer\":null},{\"breakfast\":{\"dish_id\":201,\"name\":\"Banana Oat Pancakes\",\"preparation\":\"#Mash banana #Mix with oats and egg #Fry pancakes in a non-stick pan\",\"vm_score\":4,\"meal_category\":\"breakfast\",\"preparation_time_in_min\":10,\"total_calories\":422,\"total_protein\":12,\"total_fat\":11,\"total_carbs\":65,\"tags\":\"[\\\"breakfast\\\", \\\"vegetarian\\\"]\"},\"lunch\":{\"dish_id\":1,\"name\":\"chili con carne\",\"preparation\":\"#Fry minced meatin a pan #Add tomato sauce, kidney beans, beef broth and corn #Season with paprika powder and chili #Simmer for  5-10 minutes\",\"vm_score\":1,\"meal_category\":\"main\",\"preparation_time_in_min\":20,\"total_calories\":668,\"total_protein\":1,\"total_fat\":1,\"total_carbs\":1,\"tags\":\"[\\\"cut\\\", \\\"bulk\\\"]\"},\"dinner\":{\"dish_id\":206,\"name\":\"Cherry Tomato Pasta\",\"preparation\":\"#Cook pasta #Add sautéed cherry tomatoes #Top with light mozzarella and herbs\",\"vm_score\":6,\"meal_category\":\"main\",\"preparation_time_in_min\":15,\"total_calories\":668,\"total_protein\":22,\"total_fat\":20,\"total_carbs\":89,\"tags\":\"[\\\"vegetarian\\\"]\"},\"puffer\":null},{\"breakfast\":{\"dish_id\":201,\"name\":\"Banana Oat Pancakes\",\"preparation\":\"#Mash banana #Mix with oats and egg #Fry pancakes in a non-stick pan\",\"vm_score\":4,\"meal_category\":\"breakfast\",\"preparation_time_in_min\":10,\"total_calories\":422,\"total_protein\":12,\"total_fat\":11,\"total_carbs\":65,\"tags\":\"[\\\"breakfast\\\", \\\"vegetarian\\\"]\"},\"lunch\":{\"dish_id\":1,\"name\":\"chili con carne\",\"preparation\":\"#Fry minced meatin a pan #Add tomato sauce, kidney beans, beef broth and corn #Season with paprika powder and chili #Simmer for  5-10 minutes\",\"vm_score\":1,\"meal_category\":\"main\",\"preparation_time_in_min\":20,\"total_calories\":668,\"total_protein\":1,\"total_fat\":1,\"total_carbs\":1,\"tags\":\"[\\\"cut\\\", \\\"bulk\\\"]\"},\"dinner\":{\"dish_id\":206,\"name\":\"Cherry Tomato Pasta\",\"preparation\":\"#Cook pasta #Add sautéed cherry tomatoes #Top with light mozzarella and herbs\",\"vm_score\":6,\"meal_category\":\"main\",\"preparation_time_in_min\":15,\"total_calories\":668,\"total_protein\":22,\"total_fat\":20,\"total_carbs\":89,\"tags\":\"[\\\"vegetarian\\\"]\"},\"puffer\":null},{\"breakfast\":{\"dish_id\":207,\"name\":\"Protein Oats\",\"preparation\":\"#Cook oats with water or milk #Stir in Greek yogurt and banana slices\",\"vm_score\":3,\"meal_category\":\"breakfast\",\"preparation_time_in_min\":8,\"total_calories\":422,\"total_protein\":19,\"total_fat\":6,\"total_carbs\":65,\"tags\":\"[\\\"breakfast\\\", \\\"bulk\\\"]\"},\"lunch\":{\"dish_id\":206,\"name\":\"Cherry Tomato Pasta\",\"preparation\":\"#Cook pasta #Add sautéed cherry tomatoes #Top with light mozzarella and herbs\",\"vm_score\":6,\"meal_category\":\"main\",\"preparation_time_in_min\":15,\"total_calories\":668,\"total_protein\":22,\"total_fat\":20,\"total_carbs\":89,\"tags\":\"[\\\"vegetarian\\\"]\"},\"dinner\":{\"dish_id\":1,\"name\":\"chili con carne\",\"preparation\":\"#Fry minced meatin a pan #Add tomato sauce, kidney beans, beef broth and corn #Season with paprika powder and chili #Simmer for  5-10 minutes\",\"vm_score\":1,\"meal_category\":\"main\",\"preparation_time_in_min\":20,\"total_calories\":668,\"total_protein\":1,\"total_fat\":1,\"total_carbs\":1,\"tags\":\"[\\\"cut\\\", \\\"bulk\\\"]\"},\"puffer\":null},{\"breakfast\":{\"dish_id\":207,\"name\":\"Protein Oats\",\"preparation\":\"#Cook oats with water or milk #Stir in Greek yogurt and banana slices\",\"vm_score\":3,\"meal_category\":\"breakfast\",\"preparation_time_in_min\":8,\"total_calories\":422,\"total_protein\":19,\"total_fat\":6,\"total_carbs\":65,\"tags\":\"[\\\"breakfast\\\", \\\"bulk\\\"]\"},\"lunch\":{\"dish_id\":1,\"name\":\"chili con carne\",\"preparation\":\"#Fry minced meatin a pan #Add tomato sauce, kidney beans, beef broth and corn #Season with paprika powder and chili #Simmer for  5-10 minutes\",\"vm_score\":1,\"meal_category\":\"main\",\"preparation_time_in_min\":20,\"total_calories\":668,\"total_protein\":1,\"total_fat\":1,\"total_carbs\":1,\"tags\":\"[\\\"cut\\\", \\\"bulk\\\"]\"},\"dinner\":{\"dish_id\":1,\"name\":\"chili con carne\",\"preparation\":\"#Fry minced meatin a pan #Add tomato sauce, kidney beans, beef broth and corn #Season with paprika powder and chili #Simmer for  5-10 minutes\",\"vm_score\":1,\"meal_category\":\"main\",\"preparation_time_in_min\":20,\"total_calories\":668,\"total_protein\":1,\"total_fat\":1,\"total_carbs\":1,\"tags\":\"[\\\"cut\\\", \\\"bulk\\\"]\"},\"puffer\":null}]'),
(54,	'TUTUTU',	'tu@tu.tu',	'$2b$10$ZBryEgzuIboA01fYm6Bq3OABKF4LTYaLJD15uXLriC.UW9SiW3osm',	'user',	'female',	78,	75,	165.3,	188,	'6\' 2\"',	'very low',	'Maintaining weight',	'[{\"breakfast\":{\"dish_id\":207,\"name\":\"Protein Oats\",\"preparation\":\"#Cook oats with water or milk #Stir in Greek yogurt and banana slices\",\"vm_score\":3,\"meal_category\":\"breakfast\",\"preparation_time_in_min\":8,\"total_calories\":422,\"total_protein\":19,\"total_fat\":6,\"total_carbs\":65,\"tags\":\"[\\\"breakfast\\\", \\\"bulk\\\"]\"},\"lunch\":{\"dish_id\":1,\"name\":\"chili con carne\",\"preparation\":\"#Fry minced meatin a pan #Add tomato sauce, kidney beans, beef broth and corn #Season with paprika powder and chili #Simmer for  5-10 minutes\",\"vm_score\":1,\"meal_category\":\"main\",\"preparation_time_in_min\":20,\"total_calories\":668,\"total_protein\":1,\"total_fat\":1,\"total_carbs\":1,\"tags\":\"[\\\"cut\\\", \\\"bulk\\\"]\"},\"dinner\":{\"dish_id\":1,\"name\":\"chili con carne\",\"preparation\":\"#Fry minced meatin a pan #Add tomato sauce, kidney beans, beef broth and corn #Season with paprika powder and chili #Simmer for  5-10 minutes\",\"vm_score\":1,\"meal_category\":\"main\",\"preparation_time_in_min\":20,\"total_calories\":668,\"total_protein\":1,\"total_fat\":1,\"total_carbs\":1,\"tags\":\"[\\\"cut\\\", \\\"bulk\\\"]\"},\"puffer\":null},{\"breakfast\":{\"dish_id\":201,\"name\":\"Banana Oat Pancakes\",\"preparation\":\"#Mash banana #Mix with oats and egg #Fry pancakes in a non-stick pan\",\"vm_score\":4,\"meal_category\":\"breakfast\",\"preparation_time_in_min\":10,\"total_calories\":422,\"total_protein\":12,\"total_fat\":11,\"total_carbs\":65,\"tags\":\"[\\\"breakfast\\\", \\\"vegetarian\\\"]\"},\"lunch\":{\"dish_id\":206,\"name\":\"Cherry Tomato Pasta\",\"preparation\":\"#Cook pasta #Add sautéed cherry tomatoes #Top with light mozzarella and herbs\",\"vm_score\":6,\"meal_category\":\"main\",\"preparation_time_in_min\":15,\"total_calories\":668,\"total_protein\":22,\"total_fat\":20,\"total_carbs\":89,\"tags\":\"[\\\"vegetarian\\\"]\"},\"dinner\":{\"dish_id\":1,\"name\":\"chili con carne\",\"preparation\":\"#Fry minced meatin a pan #Add tomato sauce, kidney beans, beef broth and corn #Season with paprika powder and chili #Simmer for  5-10 minutes\",\"vm_score\":1,\"meal_category\":\"main\",\"preparation_time_in_min\":20,\"total_calories\":668,\"total_protein\":1,\"total_fat\":1,\"total_carbs\":1,\"tags\":\"[\\\"cut\\\", \\\"bulk\\\"]\"},\"puffer\":null},{\"breakfast\":{\"dish_id\":201,\"name\":\"Banana Oat Pancakes\",\"preparation\":\"#Mash banana #Mix with oats and egg #Fry pancakes in a non-stick pan\",\"vm_score\":4,\"meal_category\":\"breakfast\",\"preparation_time_in_min\":10,\"total_calories\":422,\"total_protein\":12,\"total_fat\":11,\"total_carbs\":65,\"tags\":\"[\\\"breakfast\\\", \\\"vegetarian\\\"]\"},\"lunch\":{\"dish_id\":1,\"name\":\"chili con carne\",\"preparation\":\"#Fry minced meatin a pan #Add tomato sauce, kidney beans, beef broth and corn #Season with paprika powder and chili #Simmer for  5-10 minutes\",\"vm_score\":1,\"meal_category\":\"main\",\"preparation_time_in_min\":20,\"total_calories\":668,\"total_protein\":1,\"total_fat\":1,\"total_carbs\":1,\"tags\":\"[\\\"cut\\\", \\\"bulk\\\"]\"},\"dinner\":{\"dish_id\":206,\"name\":\"Cherry Tomato Pasta\",\"preparation\":\"#Cook pasta #Add sautéed cherry tomatoes #Top with light mozzarella and herbs\",\"vm_score\":6,\"meal_category\":\"main\",\"preparation_time_in_min\":15,\"total_calories\":668,\"total_protein\":22,\"total_fat\":20,\"total_carbs\":89,\"tags\":\"[\\\"vegetarian\\\"]\"},\"puffer\":null},{\"breakfast\":{\"dish_id\":201,\"name\":\"Banana Oat Pancakes\",\"preparation\":\"#Mash banana #Mix with oats and egg #Fry pancakes in a non-stick pan\",\"vm_score\":4,\"meal_category\":\"breakfast\",\"preparation_time_in_min\":10,\"total_calories\":422,\"total_protein\":12,\"total_fat\":11,\"total_carbs\":65,\"tags\":\"[\\\"breakfast\\\", \\\"vegetarian\\\"]\"},\"lunch\":{\"dish_id\":206,\"name\":\"Cherry Tomato Pasta\",\"preparation\":\"#Cook pasta #Add sautéed cherry tomatoes #Top with light mozzarella and herbs\",\"vm_score\":6,\"meal_category\":\"main\",\"preparation_time_in_min\":15,\"total_calories\":668,\"total_protein\":22,\"total_fat\":20,\"total_carbs\":89,\"tags\":\"[\\\"vegetarian\\\"]\"},\"dinner\":{\"dish_id\":1,\"name\":\"chili con carne\",\"preparation\":\"#Fry minced meatin a pan #Add tomato sauce, kidney beans, beef broth and corn #Season with paprika powder and chili #Simmer for  5-10 minutes\",\"vm_score\":1,\"meal_category\":\"main\",\"preparation_time_in_min\":20,\"total_calories\":668,\"total_protein\":1,\"total_fat\":1,\"total_carbs\":1,\"tags\":\"[\\\"cut\\\", \\\"bulk\\\"]\"},\"puffer\":null},{\"breakfast\":{\"dish_id\":207,\"name\":\"Protein Oats\",\"preparation\":\"#Cook oats with water or milk #Stir in Greek yogurt and banana slices\",\"vm_score\":3,\"meal_category\":\"breakfast\",\"preparation_time_in_min\":8,\"total_calories\":422,\"total_protein\":19,\"total_fat\":6,\"total_carbs\":65,\"tags\":\"[\\\"breakfast\\\", \\\"bulk\\\"]\"},\"lunch\":{\"dish_id\":206,\"name\":\"Cherry Tomato Pasta\",\"preparation\":\"#Cook pasta #Add sautéed cherry tomatoes #Top with light mozzarella and herbs\",\"vm_score\":6,\"meal_category\":\"main\",\"preparation_time_in_min\":15,\"total_calories\":668,\"total_protein\":22,\"total_fat\":20,\"total_carbs\":89,\"tags\":\"[\\\"vegetarian\\\"]\"},\"dinner\":{\"dish_id\":206,\"name\":\"Cherry Tomato Pasta\",\"preparation\":\"#Cook pasta #Add sautéed cherry tomatoes #Top with light mozzarella and herbs\",\"vm_score\":6,\"meal_category\":\"main\",\"preparation_time_in_min\":15,\"total_calories\":668,\"total_protein\":22,\"total_fat\":20,\"total_carbs\":89,\"tags\":\"[\\\"vegetarian\\\"]\"},\"puffer\":null},{\"breakfast\":{\"dish_id\":201,\"name\":\"Banana Oat Pancakes\",\"preparation\":\"#Mash banana #Mix with oats and egg #Fry pancakes in a non-stick pan\",\"vm_score\":4,\"meal_category\":\"breakfast\",\"preparation_time_in_min\":10,\"total_calories\":422,\"total_protein\":12,\"total_fat\":11,\"total_carbs\":65,\"tags\":\"[\\\"breakfast\\\", \\\"vegetarian\\\"]\"},\"lunch\":{\"dish_id\":206,\"name\":\"Cherry Tomato Pasta\",\"preparation\":\"#Cook pasta #Add sautéed cherry tomatoes #Top with light mozzarella and herbs\",\"vm_score\":6,\"meal_category\":\"main\",\"preparation_time_in_min\":15,\"total_calories\":668,\"total_protein\":22,\"total_fat\":20,\"total_carbs\":89,\"tags\":\"[\\\"vegetarian\\\"]\"},\"dinner\":{\"dish_id\":206,\"name\":\"Cherry Tomato Pasta\",\"preparation\":\"#Cook pasta #Add sautéed cherry tomatoes #Top with light mozzarella and herbs\",\"vm_score\":6,\"meal_category\":\"main\",\"preparation_time_in_min\":15,\"total_calories\":668,\"total_protein\":22,\"total_fat\":20,\"total_carbs\":89,\"tags\":\"[\\\"vegetarian\\\"]\"},\"puffer\":null},{\"breakfast\":{\"dish_id\":201,\"name\":\"Banana Oat Pancakes\",\"preparation\":\"#Mash banana #Mix with oats and egg #Fry pancakes in a non-stick pan\",\"vm_score\":4,\"meal_category\":\"breakfast\",\"preparation_time_in_min\":10,\"total_calories\":422,\"total_protein\":12,\"total_fat\":11,\"total_carbs\":65,\"tags\":\"[\\\"breakfast\\\", \\\"vegetarian\\\"]\"},\"lunch\":{\"dish_id\":1,\"name\":\"chili con carne\",\"preparation\":\"#Fry minced meatin a pan #Add tomato sauce, kidney beans, beef broth and corn #Season with paprika powder and chili #Simmer for  5-10 minutes\",\"vm_score\":1,\"meal_category\":\"main\",\"preparation_time_in_min\":20,\"total_calories\":668,\"total_protein\":1,\"total_fat\":1,\"total_carbs\":1,\"tags\":\"[\\\"cut\\\", \\\"bulk\\\"]\"},\"dinner\":{\"dish_id\":1,\"name\":\"chili con carne\",\"preparation\":\"#Fry minced meatin a pan #Add tomato sauce, kidney beans, beef broth and corn #Season with paprika powder and chili #Simmer for  5-10 minutes\",\"vm_score\":1,\"meal_category\":\"main\",\"preparation_time_in_min\":20,\"total_calories\":668,\"total_protein\":1,\"total_fat\":1,\"total_carbs\":1,\"tags\":\"[\\\"cut\\\", \\\"bulk\\\"]\"},\"puffer\":null}]');

DROP TABLE IF EXISTS `user_blocked_dishes`;
CREATE TABLE `user_blocked_dishes` (
  `user_id` int(11) NOT NULL,
  `dish_id` int(11) NOT NULL,
  KEY `user_id` (`user_id`),
  KEY `dish_id` (`dish_id`),
  CONSTRAINT `user_blocked_dishes_ibfk_1` FOREIGN KEY (`user_id`) REFERENCES `users` (`user_id`),
  CONSTRAINT `user_blocked_dishes_ibfk_2` FOREIGN KEY (`dish_id`) REFERENCES `dishes` (`dish_id`)
) ENGINE=InnoDB DEFAULT CHARSET=utf8mb4 COLLATE=utf8mb4_uca1400_ai_ci;

TRUNCATE `user_blocked_dishes`;

DROP TABLE IF EXISTS `user_blocked_ingredients`;
CREATE TABLE `user_blocked_ingredients` (
  `user_id` int(11) NOT NULL,
  `ingredient_id` int(11) NOT NULL
) ENGINE=InnoDB DEFAULT CHARSET=utf8mb4 COLLATE=utf8mb4_uca1400_ai_ci;

TRUNCATE `user_blocked_ingredients`;

DROP TABLE IF EXISTS `user_preferred_dishes`;
CREATE TABLE `user_preferred_dishes` (
  `user_id` int(11) NOT NULL,
  `dish_id` int(11) NOT NULL
) ENGINE=InnoDB DEFAULT CHARSET=utf8mb4 COLLATE=utf8mb4_uca1400_ai_ci;

TRUNCATE `user_preferred_dishes`;

DROP TABLE IF EXISTS `user_preferred_ingredients`;
CREATE TABLE `user_preferred_ingredients` (
  `user_id` int(11) NOT NULL,
  `ingredient_id` int(11) NOT NULL
) ENGINE=InnoDB DEFAULT CHARSET=utf8mb4 COLLATE=utf8mb4_uca1400_ai_ci;

TRUNCATE `user_preferred_ingredients`;

-- 2025-07-16 09:50:25